datetime,BTC_USDT_ann_vol_168h,ETH_USDT_ann_vol_168h,SOL_USDT_ann_vol_168h
2026-08-21T21:00:00.000000,0.5567141009491812,0.7741710260626125,0.5932042502309186
2026-08-21T22:00:00.000000,0.5566980735705014,0.7741842875627359,0.5940865506107139
2026-08-21T23:00:00.000000,0.5570180345386818,0.7747080024432104,0.5964800627664312
2026-08-22T00:00:00.000000,0.5586980248671245,0.7746354337886412,0.5963438910915573
2026-08-22T01:00:00.000000,0.5590426223613231,0.7767011168500354,0.5968506307007262
2026-08-22T02:00:00.000000,0.5612806324015,0.7767716775419495,0.6126330319079949
2026-08-22T03:00:00.000000,0.5611573820540166,0.7766328904012387,0.6165849488673039
2026-08-22T04:00:00.000000,0.561169789884458,0.7767411844410991,0.6378255018416739
2026-08-22T05:00:00.000000,0.5717681706870449,0.8095452780920401,0.7415910738208328
2026-08-22T06:00:00.000000,0.5717389037789321,0.8097191703848019,0.7416006997170761
2026-08-22T07:00:00.000000,0.5722322959012563,0.8098895005694019,0.7410402474821105
2026-08-22T08:00:00.000000,0.5719209270951701,0.8102329580521604,0.7415891542224582
2026-08-22T09:00:00.000000,0.5723667274070403,0.8105389383572437,0.7419519145916161
2026-08-22T10:00:00.000000,0.5725702097697069,0.8114014968504623,0.7473803898954593
2026-08-22T11:00:00.000000,0.5724857867041498,0.8115468668560804,0.7476373945673986
2026-08-22T12:00:00.000000,0.5725047733628998,0.8115271546414615,0.7482436713461916
2026-08-22T13:00:00.000000,0.5725393448140986,0.8114690913938609,0.748358188477299
2026-08-22T14:00:00.000000,0.5735298932493583,0.8135322121997727,0.7520016685839135
2026-08-22T15:00:00.000000,0.5736316756604974,0.8137542892930009,0.7523514214598083
2026-08-22T16:00:00.000000,0.5739210716620989,0.8140541615412881,0.7570434063858841
2026-08-22T17:00:00.000000,0.5738825377144953,0.813954490975798,0.757084840524899
2026-08-22T18:00:00.000000,0.5738899064278751,0.8138141511516659,0.7568091805045822
2026-08-22T19:00:00.000000,0.5739231371293834,0.8142022191442505,0.7567950022965011
2026-08-22T20:00:00.000000,0.5741164003722308,0.8147486369775955,0.7568893068554489
2026-08-22T21:00:00.000000,0.5764104789603663,0.8190078209377647,0.7679579525131754
2026-08-22T22:00:00.000000,0.5763218132571455,0.8189743059296759,0.7696161783813762
2026-08-22T23:00:00.000000,0.5761464957919574,0.8188770136258483,0.7689595364748252
2026-08-23T00:00:00.000000,0.5762197999441977,0.8189199511201892,0.790369408053234
2026-08-23T01:00:00.000000,0.5764738407136311,0.8194093392792813,0.7910793042529718
2026-08-23T02:00:00.000000,0.576772179907337,0.8199460001650738,0.7966772245368066
2026-08-23T03:00:00.000000,0.5771730827878373,0.8200886847523148,0.8030007899860022
2026-08-23T04:00:00.000000,0.5783551526277821,0.8282491280041652,0.8086359648024369
2026-08-23T05:00:00.000000,0.5813914539117898,0.8285191692040338,0.8089736233279076
2026-08-23T06:00:00.000000,0.5813483846786685,0.8295270109073558,0.8090439038204741
2026-08-23T07:00:00.000000,0.5815160640123476,0.8296064977424149,0.809106703836748
2026-08-23T08:00:00.000000,0.5826739363308445,0.8316892016359388,0.8103899038141738
2026-08-23T09:00:00.000000,0.5824152338181675,0.8317189517915782,0.8100468836945166
2026-08-23T10:00:00.000000,0.5825514732798148,0.8316669825192059,0.8100568837435178
2026-08-23T11:00:00.000000,0.5838857199733534,0.8327874662324378,0.81281202182889
2026-08-23T12:00:00.000000,0.5841303691736095,0.8332163831561831,0.8127452582611683
2026-08-23T13:00:00.000000,0.584377137256055,0.8376013672122715,0.8143403501133069
2026-08-23T14:00:00.000000,0.58553645092063,0.8407457131332539,0.8150665386583065
2026-08-23T15:00:00.000000,0.585637207576242,0.8407850102505385,0.8151232830026549
2026-08-23T16:00:00.000000,0.5858670751920333,0.8410737621861208,0.8150595047750692
2026-08-23T17:00:00.000000,0.5864152961334593,0.8416575323634339,0.8148847215591879
2026-08-23T18:00:00.000000,0.5863537339383064,0.8417177556555107,0.8146753056208573
2026-08-23T19:00:00.000000,0.5862836973179117,0.8419530766349279,0.8150947005637897
2026-08-23T20:00:00.000000,0.5861390815859451,0.8415663323890041,0.8146608614789715
2026-08-23T21:00:00.000000,0.5864455268668513,0.842020567590969,0.8109677015360182
2026-08-23T22:00:00.000000,0.5871595015279286,0.8437978003000476,0.8109671368414217
2026-08-23T23:00:00.000000,0.5870731766246587,0.8438138026818591,0.8112854333215404
2026-08-24T00:00:00.000000,0.5872017932662096,0.8438405221267762,0.8112311297340576
2026-08-24T01:00:00.000000,0.5924297011537155,0.8510724899356034,0.8219307109675483
2026-08-24T02:00:00.000000,0.5935370634614185,0.8511400641999896,0.8227168306528905
2026-08-24T03:00:00.000000,0.5965033946558964,0.8524389343930359,0.8266747588870009
2026-08-24T04:00:00.000000,0.5966064060775115,0.8525153091184966,0.8273515911513737
2026-08-24T05:00:00.000000,0.5967259003577788,0.8524191944577665,0.8269908994124491
2026-08-24T06:00:00.000000,0.5970390491523648,0.8523220394072119,0.8264350659932174
2026-08-24T07:00:00.000000,0.5969248096924811,0.8517926300310097,0.8274821812824493
2026-08-24T08:00:00.000000,0.5973874583826304,0.8511004509496919,0.8254489915870232
2026-08-24T09:00:00.000000,0.5984989333778287,0.8511035608298771,0.8267493261196136
2026-08-24T10:00:00.000000,0.5975744954650604,0.8502296378671343,0.826170691832325
2026-08-24T11:00:00.000000,0.6012180283557046,0.8531096469215189,0.8294244143722466
2026-08-24T12:00:00.000000,0.6036091339913082,0.8535150980603683,0.8289261696248904
2026-08-24T13:00:00.000000,0.6066570040160644,0.8560042187406631,0.8356712925998608
2026-08-24T14:00:00.000000,0.6109672756843971,0.8576102973944068,0.8384011540732934
2026-08-24T15:00:00.000000,0.6122655702296659,0.8626518336402899,0.8385560012495563
2026-08-24T16:00:00.000000,0.6121412125367053,0.8628697773091167,0.8392623605098762
2026-08-24T17:00:00.000000,0.6129713378980656,0.8637325114274896,0.841225135717631
2026-08-24T18:00:00.000000,0.6130005339513646,0.8637103061623356,0.8416411000812283
2026-08-24T19:00:00.000000,0.6130866227184595,0.8636333924799968,0.8422172455957817
2026-08-24T20:00:00.000000,0.6131293132265275,0.8635327702324369,0.8422447249108653
2026-08-24T21:00:00.000000,0.6130610416934975,0.8635394352649935,0.8441275140145413
2026-08-24T22:00:00.000000,0.6135608035220712,0.8642065872116378,0.843675785639855
2026-08-24T23:00:00.000000,0.6134572181903407,0.8639854460306724,0.8497321747691263
2026-08-25T00:00:00.000000,0.6157753744429391,0.8639044286280583,0.8706763239694949
2026-08-25T01:00:00.000000,0.6150457774870414,0.8627869329877105,0.8753563274855902
2026-08-25T02:00:00.000000,0.6180779379892023,0.8619541102416626,0.8744697902747047
2026-08-25T03:00:00.000000,0.6185573881553343,0.862696451981728,0.875186295189272
2026-08-25T04:00:00.000000,0.6188726074766607,0.8630290921909036,0.8755685010195073
2026-08-25T05:00:00.000000,0.6192826085865344,0.8633314112749315,0.8757120672174877
2026-08-25T06:00:00.000000,0.6197443078748632,0.863886158865151,0.880561464330762
2026-08-25T07:00:00.000000,0.6255394683581826,0.8667598094783129,0.8819850512390014
2026-08-25T08:00:00.000000,0.6256352089394089,0.8667576094576851,0.8819753604309345
2026-08-25T09:00:00.000000,0.6299177872090026,0.8673920018272333,0.8829778325050078
2026-08-25T10:00:00.000000,0.6298963494950537,0.8674116121385905,0.8830700755346083
2026-08-25T11:00:00.000000,0.6304076125742959,0.8676773473486254,0.8867581302441713
2026-08-25T12:00:00.000000,0.6303723656606294,0.8676509260469546,0.8866687423042132
2026-08-25T13:00:00.000000,0.6315199229924057,0.8688438491176201,0.8943770776514064
2026-08-25T14:00:00.000000,0.6314054557831612,0.868728805178055,0.8958174037062234
2026-08-25T15:00:00.000000,0.6315574337566431,0.8686368254887372,0.8954376823207773
2026-08-25T16:00:00.000000,0.6327555008461194,0.8698532026555146,0.8955304156301708
2026-08-25T17:00:00.000000,0.6321500623407306,0.8690884297819077,0.8951342041687261
2026-08-25T18:00:00.000000,0.6324278933600482,0.8693103495946475,0.8948544327229321
2026-08-25T19:00:00.000000,0.6325907809100542,0.8692905105268868,0.8961470700769745
2026-08-25T20:00:00.000000,0.6368134559061168,0.8739029556129697,0.9013716415121095
2026-08-25T21:00:00.000000,0.6372879384729224,0.8738151927063716,0.901810978914784
2026-08-25T22:00:00.000000,0.6376084951157655,0.8741521725424506,0.9017081349703369
2026-08-25T23:00:00.000000,0.6389039513781318,0.8752224643333716,0.903461001148223
2026-08-26T00:00:00.000000,0.6379412955265416,0.8748212464904342,0.9031844583224314
2026-08-26T01:00:00.000000,0.6377272581073538,0.8749469328340831,0.9031290992517732
2026-08-26T02:00:00.000000,0.6378233077291318,0.8744533140632629,0.9031223840137766
2026-08-26T03:00:00.000000,0.6378127922014634,0.8744902022483687,0.9034767747532035
2026-08-26T04:00:00.000000,0.638576325893251,0.8751048222858208,0.9041611428599489
2026-08-26T05:00:00.000000,0.6385009787410292,0.8750986177590709,0.9043552594487534
2026-08-26T06:00:00.000000,0.6388583311218186,0.8752894909114717,0.9047763664272327
2026-08-26T07:00:00.000000,0.6388027726312233,0.8751464472239886,0.9045510317063594
2026-08-26T08:00:00.000000,0.6394341576213022,0.8755004048273403,0.9042934661808023
2026-08-26T09:00:00.000000,0.6402363151381861,0.8760119865653355,0.905997524194863
2026-08-26T10:00:00.000000,0.6404547980127946,0.8774933245465497,0.9102862074495123
2026-08-26T11:00:00.000000,0.6411857086448148,0.8779397102698517,0.9113016922770959
2026-08-26T12:00:00.000000,0.640790014801504,0.8775710550482594,0.9086310167097252
2026-08-26T13:00:00.000000,0.6407695665178396,0.8771806051582491,0.9096624511468886
2026-08-26T14:00:00.000000,0.6376637639529632,0.8697438972208098,0.8877361907895216
2026-08-26T15:00:00.000000,0.574505214729366,0.7708130269317116,0.8848556922236088
2026-08-26T16:00:00.000000,0.5743587917204872,0.771110878641074,0.8843990204626901
2026-08-26T17:00:00.000000,0.574466121016797,0.7721949759080873,0.8871158660826481
2026-08-26T18:00:00.000000,0.5742770340315185,0.7726806753645982,0.8860016052609602
2026-08-26T19:00:00.000000,0.5742997327481989,0.7722855382247513,0.8860574337896817
2026-08-26T20:00:00.000000,0.571265921681139,0.6703120260987018,0.8789584631141594
2026-08-26T21:00:00.000000,0.5680478787742329,0.6387657151670798,0.8499484329456697
2026-08-26T22:00:00.000000,0.5656823221299581,0.6276978304580801,0.8495366842054161
2026-08-26T23:00:00.000000,0.566193059196544,0.6285633497959958,0.8648733431381848
2026-08-27T00:00:00.000000,0.5673373958059084,0.6297998502148457,0.8713505328183553
2026-08-27T01:00:00.000000,0.5669066731974941,0.6298518515720667,0.8727083654465653
2026-08-27T02:00:00.000000,0.5651939664134507,0.6278738118080228,0.871230608516974
2026-08-27T03:00:00.000000,0.5649706312377919,0.6279148880924477,0.8707065855788636
2026-08-27T04:00:00.000000,0.5644827955795798,0.628202645353031,0.8704262623962365
2026-08-27T05:00:00.000000,0.5643350472962424,0.6285148889014791,0.8724894473900162
2026-08-27T06:00:00.000000,0.563022871058365,0.6272864357541412,0.871537889889785
2026-08-27T07:00:00.000000,0.5632715942408466,0.6260887150977357,0.8719277924649117
2026-08-27T08:00:00.000000,0.5377469361772061,0.6261453849275983,0.8868719554715884
2026-08-27T09:00:00.000000,0.5377723586327866,0.6259692629204613,0.886977273931083
2026-08-27T10:00:00.000000,0.5388104837819547,0.6326386331107823,0.8874330871850724
2026-08-27T11:00:00.000000,0.5389877318039547,0.6321512447654656,0.8871908942549364
2026-08-27T12:00:00.000000,0.5394365197568567,0.63214178384066,0.887351242192045
2026-08-27T13:00:00.000000,0.5388899929356964,0.6304616645509151,0.8920570873341177
2026-08-27T14:00:00.000000,0.541740294295504,0.6328582153452421,0.893003234764898
2026-08-27T15:00:00.000000,0.5384181820660828,0.6176525579915173,0.891582985055524
2026-08-27T16:00:00.000000,0.537459707225959,0.6153998888565622,0.8977461973850834
2026-08-27T17:00:00.000000,0.5372751370913459,0.6155784071994675,0.8992201143354884
2026-08-27T18:00:00.000000,0.5370169491145146,0.6100452442814887,0.8971146035848094
2026-08-27T19:00:00.000000,0.5372086417944207,0.6103572681411796,0.8985117610688474
2026-08-27T20:00:00.000000,0.5373244885294511,0.6105425918577577,0.899031319547454
2026-08-27T21:00:00.000000,0.5373304150937369,0.6106990499150752,0.8993527377643098
2026-08-27T22:00:00.000000,0.5372616123213505,0.6111169038947013,0.8990780571598515
2026-08-27T23:00:00.000000,0.5364707837406211,0.6102970957479038,0.8988263018818164
2026-08-28T00:00:00.000000,0.533311799672526,0.6090546824376135,0.898108890297493
2026-08-28T01:00:00.000000,0.5160666455894255,0.6067522616347606,0.9012162486648522
2026-08-28T02:00:00.000000,0.5142609770412749,0.6081852201307096,0.9064361144703442
2026-08-28T03:00:00.000000,0.5144233700298101,0.6080154462661386,0.9063361909977079
2026-08-28T04:00:00.000000,0.5125719080672976,0.6069255826605299,0.9061390355067078
2026-08-28T05:00:00.000000,0.5109681871177234,0.6058444295803851,0.9034835903651962
2026-08-28T06:00:00.000000,0.511066832941457,0.6063092861074731,0.9032684326253541
2026-08-28T07:00:00.000000,0.5079888190388,0.6066596244621667,0.9075102869996117
2026-08-28T08:00:00.000000,0.42820528420769643,0.5672268350579506,0.8806533497865169
2026-08-28T09:00:00.000000,0.4102365957366431,0.5541266630789108,0.8708136528446314
2026-08-28T10:00:00.000000,0.4108546136955941,0.5554583330490896,0.8706360202914621
2026-08-28T11:00:00.000000,0.3976797410596124,0.5500299366383501,0.8651733161749431
2026-08-28T12:00:00.000000,0.39545006189845905,0.5478102716436375,0.867196391484515
2026-08-28T13:00:00.000000,0.39555158770978566,0.548455102427208,0.8672602266738699
2026-08-28T14:00:00.000000,0.3958441896981368,0.5482908739126723,0.8682984464438847
2026-08-28T15:00:00.000000,0.4110784133307535,0.5615244876042601,0.8707270864424718
2026-08-28T16:00:00.000000,0.41348310057611737,0.5672679257672346,0.8706815099194098
2026-08-28T17:00:00.000000,0.4135200526201428,0.5648558445015005,0.8715492441804935
2026-08-28T18:00:00.000000,0.4141649708574141,0.5665887748606159,0.8785640463683245
2026-08-28T19:00:00.000000,0.41401737996747784,0.5665471300267502,0.8770957175195239
2026-08-28T20:00:00.000000,0.41178410641579377,0.5611044791413955,0.8749443420401675
2026-08-28T21:00:00.000000,0.4014404058659849,0.5195394563918837,0.86415337920082
2026-08-28T22:00:00.000000,0.4031590989944241,0.5215132985967637,0.8644290143771877
2026-08-28T23:00:00.000000,0.40309880611180443,0.5213179403949364,0.8630415773241809
2026-08-29T00:00:00.000000,0.4016669502053,0.5209722738147019,0.8632576724434321
2026-08-29T01:00:00.000000,0.4015458476085078,0.5191990264576261,0.8631355090392034
2026-08-29T02:00:00.000000,0.3972653456463322,0.5186652556629785,0.8511997708592566
2026-08-29T03:00:00.000000,0.39751121230034686,0.5187420472590767,0.8470911395594949
2026-08-29T04:00:00.000000,0.39770339525437565,0.5190153283973253,0.8294592321554187
2026-08-29T05:00:00.000000,0.38464550185915725,0.47144362812253615,0.7415259574922353
2026-08-29T06:00:00.000000,0.38483486253212545,0.4715114486327423,0.7423112495937216
2026-08-29T07:00:00.000000,0.38467314588517204,0.4713385471153507,0.7422934822619123
2026-08-29T08:00:00.000000,0.38459875451472275,0.4708425538869145,0.7419921067353344
2026-08-29T09:00:00.000000,0.384337310289285,0.47071425049000737,0.7418920708868801
2026-08-29T10:00:00.000000,0.38424867520680994,0.46989431047447483,0.7370144624919406
2026-08-29T11:00:00.000000,0.38402029079721745,0.4687274427063283,0.7364786899646483
2026-08-29T12:00:00.000000,0.3836967331800854,0.4685887632029244,0.7356153157715739
2026-08-29T13:00:00.000000,0.3838537482131602,0.4685683491437742,0.7354202899847503
2026-08-29T14:00:00.000000,0.38394727891403535,0.4675866470613682,0.7393331542365057
2026-08-29T15:00:00.000000,0.3842056306752859,0.4676371406725277,0.7396648897892408
2026-08-29T16:00:00.000000,0.38341865772051426,0.4666968383735436,0.7344124335290725
2026-08-29T17:00:00.000000,0.3834683551895306,0.4665789144738169,0.7344012256295295
2026-08-29T18:00:00.000000,0.3834923559270841,0.4665975177549599,0.7344544084093179
2026-08-29T19:00:00.000000,0.38321994439129253,0.46519920292936656,0.7345255282050693
2026-08-29T20:00:00.000000,0.38311458652313024,0.4646451009791362,0.7345356110932318
2026-08-29T21:00:00.000000,0.3806551499402872,0.4588480395530947,0.7239080948137568
2026-08-29T22:00:00.000000,0.38048458420719233,0.4584560629121128,0.7222113245072262
2026-08-29T23:00:00.000000,0.38042780309441027,0.45801400803297215,0.7221395648440162
2026-08-30T00:00:00.000000,0.3798942806974458,0.4573752579047111,0.6977778256892583
2026-08-30T01:00:00.000000,0.3798557965050779,0.4568413233200717,0.6971371459196645
2026-08-30T02:00:00.000000,0.3797022428364175,0.4564504888574629,0.6915273000966986
2026-08-30T03:00:00.000000,0.37942207454642324,0.4563847443175815,0.6849824251058984
2026-08-30T04:00:00.000000,0.3781330586456024,0.44349149030398355,0.6785248477831661
2026-08-30T05:00:00.000000,0.3743925857875717,0.4430963257591557,0.6780726404700833
2026-08-30T06:00:00.000000,0.3746046413874547,0.4404066206087244,0.6782188493920638
2026-08-30T07:00:00.000000,0.37482942234712,0.440766214980555,0.6795258745873183
2026-08-30T08:00:00.000000,0.3722135517986013,0.43523078288860284,0.6777803808149147
2026-08-30T09:00:00.000000,0.3722577131421553,0.43533512259044843,0.6779404278973185
2026-08-30T10:00:00.000000,0.3718283020231445,0.43553897773920497,0.6782881044951962
2026-08-30T11:00:00.000000,0.36867655841204433,0.4320896907706851,0.6744411374907124
2026-08-30T12:00:00.000000,0.3728264382207231,0.43239253184816495,0.677345882530347
2026-08-30T13:00:00.000000,0.37199909613439447,0.421865296314095,0.67808191647108
2026-08-30T14:00:00.000000,0.370944414038986,0.4173069419571011,0.6782067102888395
2026-08-30T15:00:00.000000,0.37093621812463773,0.41744715669650917,0.67887798894286
2026-08-30T16:00:00.000000,0.3729772401352636,0.4383908659974176,0.6799029367666108
2026-08-30T17:00:00.000000,0.3733620233092414,0.4426206060938151,0.6804092431884715
2026-08-30T18:00:00.000000,0.3730788912963868,0.44214883546909767,0.6804725636470305
2026-08-30T19:00:00.000000,0.3734852461857774,0.4424698214224431,0.6830787424550274
2026-08-30T20:00:00.000000,0.37426667530546653,0.4438830211690405,0.6873491545677755
2026-08-30T21:00:00.000000,0.3721811149409874,0.44106979273613434,0.687613142740807
2026-08-30T22:00:00.000000,0.3721492604710533,0.44003793794197094,0.6891196725427174
2026-08-30T23:00:00.000000,0.37826728633061696,0.4672307400347626,0.704883659818216
2026-08-31T00:00:00.000000,0.3789731067218327,0.4684845158019468,0.7053011806227989
2026-08-31T01:00:00.000000,0.37325748199731323,0.45875988326536654,0.6948101504070647
2026-08-31T02:00:00.000000,0.3699521733005238,0.45695728230788785,0.692956759938527
2026-08-31T03:00:00.000000,0.36729401793309785,0.4570324237153412,0.689620054562109
2026-08-31T04:00:00.000000,0.36750327421227685,0.45658171767059785,0.6895386280300423
2026-08-31T05:00:00.000000,0.36854932680936836,0.45873064571438943,0.6942012265226889
2026-08-31T06:00:00.000000,0.3674626398718567,0.45824438851738036,0.6939767212404331
2026-08-31T07:00:00.000000,0.3672623755400929,0.45824653658885,0.6930738898871426
2026-08-31T08:00:00.000000,0.3672697338641446,0.45857141275556906,0.6930108913003616
2026-08-31T09:00:00.000000,0.3642086570034868,0.4579208341374693,0.6911927744680681
2026-08-31T10:00:00.000000,0.3646028176150613,0.458648079588214,0.692211858961699
2026-08-31T11:00:00.000000,0.35837996983141707,0.45147864728873704,0.6877815723535903
2026-08-31T12:00:00.000000,0.3539774447887242,0.4485269449145575,0.6887626467409009
2026-08-31T13:00:00.000000,0.35031530671072203,0.4465433154419441,0.6823025862100223
2026-08-31T14:00:00.000000,0.34686132363911526,0.4491590171049901,0.682355745458915
2026-08-31T15:00:00.000000,0.3448705867930829,0.4418059965549906,0.6836870520798785
2026-08-31T16:00:00.000000,0.34488777316354907,0.44096666576252413,0.6829931752545922
2026-08-31T17:00:00.000000,0.34471071049393526,0.44047553458498945,0.6829645675820135
2026-08-31T18:00:00.000000,0.34454104743781006,0.4403007848233789,0.6841744241045166
2026-08-31T19:00:00.000000,0.34435460783501853,0.440395474700525,0.6857244892759564
2026-08-31T20:00:00.000000,0.34399678075136153,0.441088198588921,0.6857533418456271
2026-08-31T21:00:00.000000,0.3440855852459371,0.44071404672349357,0.6826410773535947
2026-08-31T22:00:00.000000,0.345043717458186,0.4406331548476655,0.6835039995731331
2026-08-31T23:00:00.000000,0.34425308173669605,0.44002527832119726,0.6744721688143711
2026-09-01T00:00:00.000000,0.33742010946869616,0.43893219396891625,0.643910454297487
2026-09-01T01:00:00.000000,0.33799821221543175,0.43959328910989376,0.6370248246950033
2026-09-01T02:00:00.000000,0.329571322032606,0.43829405556734274,0.6363171771227982
2026-09-01T03:00:00.000000,0.33004444424330653,0.4381818687353134,0.634708140126593
2026-09-01T04:00:00.000000,0.3299285239831912,0.4380576194558398,0.6343710940127505
2026-09-01T05:00:00.000000,0.3309038364153549,0.43831121296469583,0.6348720269635026
2026-09-01T06:00:00.000000,0.3329243242855356,0.4393354619147673,0.6330180417781828
2026-09-01T07:00:00.000000,0.3238765250841526,0.4347351732641072,0.6320295348635475
2026-09-01T08:00:00.000000,0.3303523286944068,0.4402904439907242,0.6366138295784813
2026-09-01T09:00:00.000000,0.3235547292913573,0.4395220749919999,0.6351669511582559
2026-09-01T10:00:00.000000,0.3235354186080339,0.439221439628255,0.6355968507639951
2026-09-01T11:00:00.000000,0.32317128015698193,0.43913678584348015,0.6309178966460117
2026-09-01T12:00:00.000000,0.3230505976069738,0.4404916296698916,0.6314654355740359
2026-09-01T13:00:00.000000,0.3217173461329912,0.4389686000667162,0.6219765118465953
2026-09-01T14:00:00.000000,0.31722293107983573,0.4366046296997549,0.6172331148911547
2026-09-01T15:00:00.000000,0.3170267961339513,0.4362347037852649,0.6171366463963781
2026-09-01T16:00:00.000000,0.31688509093782136,0.43738554714200517,0.6221867430767513
2026-09-01T17:00:00.000000,0.3181763048676304,0.4394851330074171,0.6227111146451535
2026-09-01T18:00:00.000000,0.31818361818225305,0.43963982031282073,0.6265415571563728
2026-09-01T19:00:00.000000,0.3180939323930926,0.4399544618990335,0.6260230264885317
2026-09-01T20:00:00.000000,0.3115241781170062,0.43281599093823714,0.618773885076325
2026-09-01T21:00:00.000000,0.3103947139449017,0.4328518235841655,0.6188172616151276
2026-09-01T22:00:00.000000,0.3089932879205658,0.4313766733681828,0.6188343463457946
2026-09-01T23:00:00.000000,0.30781112766502927,0.4304714916342393,0.6173633563291897
2026-09-02T00:00:00.000000,0.30835128901891384,0.4312761634776681,0.6178757297237826
2026-09-02T01:00:00.000000,0.30831957781340896,0.43115813991784857,0.6188273125481462
2026-09-02T02:00:00.000000,0.30851543999155095,0.43149700347285896,0.6214901411313327
2026-09-02T03:00:00.000000,0.30935712750169714,0.4317343347421454,0.6217317426574888
2026-09-02T04:00:00.000000,0.3084774210342754,0.43103989080234484,0.6210079243558994
2026-09-02T05:00:00.000000,0.3076295001298021,0.4309448151356521,0.620228288488963
2026-09-02T06:00:00.000000,0.3074134895309954,0.430762709433337,0.6199839003034507
2026-09-02T07:00:00.000000,0.30764854824743815,0.430795887271115,0.6201672589267426
2026-09-02T08:00:00.000000,0.31234653826448294,0.43676243764589573,0.6231815970783262
2026-09-02T09:00:00.000000,0.3115980189460642,0.43887149898041145,0.6218840038736058
2026-09-02T10:00:00.000000,0.31046828660991044,0.43435582104994286,0.6150041084578196
2026-09-02T11:00:00.000000,0.31011243271916994,0.43506546474364616,0.614127231212091
2026-09-02T12:00:00.000000,0.3103745030545741,0.4346403316491693,0.6149314330719381
2026-09-02T13:00:00.000000,0.3142720171253327,0.4415041668542537,0.6237205799023572
2026-09-02T14:00:00.000000,0.30847920707298987,0.439122702941398,0.6187097614693539
2026-09-02T15:00:00.000000,0.3085013386552857,0.438063991908484,0.618467589581414
2026-09-02T16:00:00.000000,0.3086795482831968,0.43803461176590797,0.6197207974012238
2026-09-02T17:00:00.000000,0.30643089706408194,0.435954831216616,0.6162161835475373
2026-09-02T18:00:00.000000,0.3064129229933564,0.43448596088105434,0.6162527078265865
2026-09-02T19:00:00.000000,0.3064242187019389,0.4344889763565135,0.6162870192149006
2026-09-02T20:00:00.000000,0.3064922698762766,0.43446241521257917,0.6165263459038317
2026-09-02T21:00:00.000000,0.3055972139876638,0.4283389551534286,0.6087389183025301
2026-09-02T22:00:00.000000,0.30642910790127237,0.42929284297639203,0.5996649796719654
2026-09-02T23:00:00.000000,0.30632852200139826,0.42919752546298545,0.5785514160595621
2026-09-03T00:00:00.000000,0.30587264945844145,0.4286583353246582,0.5726460231300444
2026-09-03T01:00:00.000000,0.3064919781915039,0.4288632368644259,0.5712532642310357
2026-09-03T02:00:00.000000,0.3091592783339152,0.4329774925185377,0.5749400619717294
2026-09-03T03:00:00.000000,0.3091117586718398,0.4330144976074721,0.5765091683822555
2026-09-03T04:00:00.000000,0.3091670572246869,0.43308730409349755,0.5775063513679839
2026-09-03T05:00:00.000000,0.3089413147483063,0.43225025627718194,0.573537595669847
2026-09-03T06:00:00.000000,0.30884749572723796,0.4323575229962328,0.5710101741014709
2026-09-03T07:00:00.000000,0.30822199044847126,0.4330752001206148,0.570802562909503
2026-09-03T08:00:00.000000,0.30236553586500375,0.4218101827544021,0.5342060601077762
2026-09-03T09:00:00.000000,0.30222993652109187,0.4225355287560246,0.5348831541824881
2026-09-03T10:00:00.000000,0.30083971167971124,0.4134607821593914,0.5349577947095201
2026-09-03T11:00:00.000000,0.3012896425420838,0.4147626219441999,0.535617609673278
2026-09-03T12:00:00.000000,0.30788967340775736,0.4173206140003538,0.538170811063657
2026-09-03T13:00:00.000000,0.30751915336380803,0.41784114879754003,0.5261444882084495
2026-09-03T14:00:00.000000,0.3391474900002351,0.44906694842161804,0.5737050693892378
2026-09-03T15:00:00.000000,0.34640151806146136,0.45575037104876576,0.5736004824505655
2026-09-03T16:00:00.000000,0.348036209425855,0.4603194158620151,0.5628340725816948
2026-09-03T17:00:00.000000,0.34804186308038065,0.4605585804713944,0.562021814489019
2026-09-03T18:00:00.000000,0.347503192240078,0.4607781915227686,0.5618940691332156
2026-09-03T19:00:00.000000,0.34951842345398954,0.4603652800662845,0.5577948917057156
2026-09-03T20:00:00.000000,0.3501146332943779,0.4610822861094776,0.5578619389509445
2026-09-03T21:00:00.000000,0.35017339468281805,0.46128732700559794,0.557973662664262
2026-09-03T22:00:00.000000,0.35237895387998636,0.46211875482237585,0.5614953519680014
2026-09-03T23:00:00.000000,0.35251437415196846,0.4630675269382524,0.5616322410291592
2026-09-04T00:00:00.000000,0.35235416932188096,0.4631902178223357,0.5624291356518372
2026-09-04T01:00:00.000000,0.352284523251384,0.4633637508168458,0.5569584167304403
2026-09-04T02:00:00.000000,0.3486184932944654,0.4596647267513448,0.5498841476437295
2026-09-04T03:00:00.000000,0.348446413147358,0.4596761861446758,0.5493896969928356
2026-09-04T04:00:00.000000,0.34860971221898274,0.4596952359080793,0.549573300012191
2026-09-04T05:00:00.000000,0.3486740920085042,0.45924157396150883,0.5489504546399213
2026-09-04T06:00:00.000000,0.34862940094111333,0.4584058519070098,0.5484265400427125
2026-09-04T07:00:00.000000,0.34813820370337467,0.45814612110569075,0.5426739186230537
2026-09-04T08:00:00.000000,0.35053752524031007,0.46208038536361273,0.5451720420621985
2026-09-04T09:00:00.000000,0.34995976458607164,0.4623884554860288,0.545581942444514
2026-09-04T10:00:00.000000,0.34923322342586594,0.4600345736927425,0.5452797147590677
2026-09-04T11:00:00.000000,0.3492378087977493,0.4601288789927031,0.5447662465033112
2026-09-04T12:00:00.000000,0.3838030537782396,0.5049897568666677,0.5685731628323852
2026-09-04T13:00:00.000000,0.38377595379689294,0.5041129307100621,0.568214271722797
2026-09-04T14:00:00.000000,0.38559927276468714,0.5051568192504446,0.5658101559970339
2026-09-04T15:00:00.000000,0.3721570856648814,0.4923238666077073,0.5633856890958914
2026-09-04T16:00:00.000000,0.3696788667787449,0.4851449381789298,0.5640590652645319
2026-09-04T17:00:00.000000,0.3704522548114465,0.4871245786270165,0.564593904101749
2026-09-04T18:00:00.000000,0.3691293125251047,0.48528392431460926,0.5551844713205807
2026-09-04T19:00:00.000000,0.3694216050681164,0.48507295034511494,0.5547979373235512
2026-09-04T20:00:00.000000,0.36914776178233893,0.484662629134068,0.5538900050504753
2026-09-04T21:00:00.000000,0.3691939483440186,0.4845894410614949,0.5533013831812436
2026-09-04T22:00:00.000000,0.3674618246965849,0.48194321329136697,0.5512143625551962
2026-09-04T23:00:00.000000,0.36739520801537584,0.48211929815613463,0.5514020122584458
2026-09-05T00:00:00.000000,0.36732582151408766,0.48224676306324354,0.55122824128725
2026-09-05T01:00:00.000000,0.367325470761165,0.48223290096430615,0.5509244048894087
2026-09-05T02:00:00.000000,0.3671213398396801,0.4820058958364267,0.5508045718513712
2026-09-05T03:00:00.000000,0.3667548846670887,0.48189295998289283,0.5508122371217586
2026-09-05T04:00:00.000000,0.3666529313449998,0.4817692087967775,0.5508867163945697
2026-09-05T05:00:00.000000,0.3666933078197906,0.4817698342485038,0.550838877458622
2026-09-05T06:00:00.000000,0.3663500629881102,0.48170548687876824,0.550946388830001
2026-09-05T07:00:00.000000,0.3661256475801604,0.4818390645623323,0.5508473706063233
2026-09-05T08:00:00.000000,0.366184462469925,0.4817927203078162,0.5511285902876906
2026-09-05T09:00:00.000000,0.3661949337750371,0.4818027856058901,0.5510645301227353
2026-09-05T10:00:00.000000,0.3661937679460628,0.4819810903792146,0.5510003158874658
2026-09-05T11:00:00.000000,0.36615254328782076,0.4819743322998158,0.5510935721368942
2026-09-05T12:00:00.000000,0.3662270673681667,0.48218740907394203,0.554538440340972
2026-09-05T13:00:00.000000,0.3662054476855673,0.48239284826782064,0.5558649100288315
2026-09-05T14:00:00.000000,0.36524733250215663,0.4809635833990253,0.5450801050417596
2026-09-05T15:00:00.000000,0.3650095857018568,0.4808899042251025,0.5446282944667908
2026-09-05T16:00:00.000000,0.36530747086010834,0.48164329448950066,0.5454893371689242
2026-09-05T17:00:00.000000,0.3652636496750307,0.4824784662540491,0.5485268758716886
2026-09-05T18:00:00.000000,0.3652928879004556,0.4824612269116637,0.5486038860853826
2026-09-05T19:00:00.000000,0.36602879162454266,0.4825380449502209,0.549491191061605
2026-09-05T20:00:00.000000,0.36599195460336414,0.4825321699227617,0.5495675892193311
2026-09-05T21:00:00.000000,0.36626740804200564,0.48366174455488303,0.5506001250715915
2026-09-05T22:00:00.000000,0.36642491099586655,0.48426323169545715,0.5501621217325479
2026-09-05T23:00:00.000000,0.36644068513072425,0.4840548345498048,0.5502623619459782
2026-09-06T00:00:00.000000,0.36640659043176305,0.4848680633448712,0.5498375697430707
2026-09-06T01:00:00.000000,0.36632691296979275,0.4867774563124355,0.5523230447593924
2026-09-06T02:00:00.000000,0.36635880680612104,0.4868049832788775,0.5527589260412962
2026-09-06T03:00:00.000000,0.36648426352062125,0.4870816077682858,0.5634077393845034
2026-09-06T04:00:00.000000,0.3667946581239699,0.48732264320253754,0.5635762280415758
2026-09-06T05:00:00.000000,0.3669349836106011,0.4879753188723861,0.5655019591412696
2026-09-06T06:00:00.000000,0.3672126381241572,0.48834792321469145,0.5698095880604084
2026-09-06T07:00:00.000000,0.3668692730055336,0.4887621030926566,0.5685800497865983
2026-09-06T08:00:00.000000,0.3668402327951083,0.48876201268206765,0.5685403470468497
2026-09-06T09:00:00.000000,0.36677179111558256,0.48873708614838324,0.5752801766735611
2026-09-06T10:00:00.000000,0.366688104604965,0.48847509146047613,0.5744030267520568
2026-09-06T11:00:00.000000,0.3667892084367206,0.48847302145542876,0.5745443319574899
2026-09-06T12:00:00.000000,0.36243566906478525,0.487805248192144,0.5710189870561639
2026-09-06T13:00:00.000000,0.36249043496135713,0.487778645902653,0.5671063562775694
2026-09-06T14:00:00.000000,0.36338431427133977,0.49012476349339645,0.5737307958454985
2026-09-06T15:00:00.000000,0.3636930889268439,0.490002952909164,0.5729686112225538
2026-09-06T16:00:00.000000,0.36069051043783756,0.4698972449111658,0.5718540107692519
2026-09-06T17:00:00.000000,0.359541810293985,0.4654891740762596,0.5709410179227066
2026-09-06T18:00:00.000000,0.36002132518836394,0.46534619484243844,0.5708369169423525
2026-09-06T19:00:00.000000,0.35981323894088113,0.4650614412964358,0.5688598764347179
2026-09-06T20:00:00.000000,0.35904591996874013,0.46427063303428495,0.5644967130230834
2026-09-06T21:00:00.000000,0.3590256170714641,0.4641288808282702,0.5641960671309705
2026-09-06T22:00:00.000000,0.3584639527843357,0.46298779075041535,0.5624695335090759
2026-09-06T23:00:00.000000,0.35246292805853946,0.43459993186081974,0.5448194089450155
2026-09-07T00:00:00.000000,0.3521970535525829,0.4334239211238709,0.5449440241190233
2026-09-07T01:00:00.000000,0.35173109371529315,0.43176770081212756,0.5462356774788828
2026-09-07T02:00:00.000000,0.35137715109183054,0.43195358528525857,0.5470871311124933
2026-09-07T03:00:00.000000,0.3514637907961811,0.4324674783648981,0.5493501925865827
2026-09-07T04:00:00.000000,0.35135768459239025,0.43232580396147313,0.5482129492425906
2026-09-07T05:00:00.000000,0.3495571491283993,0.4293767969373227,0.5419736059719558
2026-09-07T06:00:00.000000,0.3496432687466095,0.42986364130573257,0.5419603397375639
2026-09-07T07:00:00.000000,0.3503969546020095,0.43058819078762567,0.543324611335565
2026-09-07T08:00:00.000000,0.34946329692464884,0.43031793349786224,0.5432537416579633
2026-09-07T09:00:00.000000,0.34965321668926236,0.4308060476461047,0.5431544743180268
2026-09-07T10:00:00.000000,0.3492137421512899,0.4301956592906516,0.5421380801316161
2026-09-07T11:00:00.000000,0.34729716936569704,0.42927787296825287,0.5418052128367817
2026-09-07T12:00:00.000000,0.3457601186588462,0.43154606987108857,0.5426981732437252
2026-09-07T13:00:00.000000,0.34653291193218383,0.4306479502413017,0.5438351289661719
2026-09-07T14:00:00.000000,0.34028080826413076,0.4239615232007685,0.5385556879869363
2026-09-07T15:00:00.000000,0.34198324275974723,0.4279393304076784,0.5454422044240812
2026-09-07T16:00:00.000000,0.3424595922262928,0.4294319070395761,0.5471257579463125
2026-09-07T17:00:00.000000,0.3419450678794631,0.43060114908978653,0.5442570028218132
2026-09-07T18:00:00.000000,0.3417768905839984,0.43068594930094395,0.5412136611268873
2026-09-07T19:00:00.000000,0.3419434658155103,0.43069600974511507,0.5387558223757168
2026-09-07T20:00:00.000000,0.34213474947644024,0.42984906680374363,0.538958504187405
2026-09-07T21:00:00.000000,0.3420868169821811,0.42968260633553096,0.5390936733680296
2026-09-07T22:00:00.000000,0.3409266431536384,0.4295416974217678,0.5387158180978151
2026-09-07T23:00:00.000000,0.341228119164413,0.4299878098135087,0.5388842022230278
2026-09-08T00:00:00.000000,0.3416496010996869,0.43012902867886976,0.5391785977340499
2026-09-08T01:00:00.000000,0.34108031493029,0.43001671927954344,0.5395465410656265
2026-09-08T02:00:00.000000,0.3443211688655982,0.4337905206103414,0.5448212558126572
2026-09-08T03:00:00.000000,0.34369330856887537,0.4333144188617687,0.5445316598614087
2026-09-08T04:00:00.000000,0.34430444129683313,0.4337612725247387,0.5451054096519007
2026-09-08T05:00:00.000000,0.34188835248497773,0.4319881770004307,0.5430125272456039
2026-09-08T06:00:00.000000,0.3403813556467016,0.43057359302435966,0.5395211060643099
2026-09-08T07:00:00.000000,0.3405484623594873,0.4317834654465091,0.5396274527658329
2026-09-08T08:00:00.000000,0.3334493046842421,0.4256857365806189,0.5342365825143294
2026-09-08T09:00:00.000000,0.33490717022931676,0.42753086181858196,0.5360231730168885
2026-09-08T10:00:00.000000,0.3352463239123131,0.42852984826642104,0.5357365064446148
2026-09-08T11:00:00.000000,0.3354400430197254,0.42891939482015157,0.536960652617167
2026-09-08T12:00:00.000000,0.33532253561031666,0.42732266605513713,0.5365823329639455
2026-09-08T13:00:00.000000,0.3383136503904297,0.4291419378880894,0.537340469289169
2026-09-08T14:00:00.000000,0.3428014961348862,0.43579651313703016,0.5391667257247033
2026-09-08T15:00:00.000000,0.34335993466140646,0.4373292260871301,0.5433902235730198
2026-09-08T16:00:00.000000,0.3423625583321198,0.43464568247713037,0.5374863317050959
2026-09-08T17:00:00.000000,0.3416143390589509,0.4330868709028738,0.5380853826129087
2026-09-08T18:00:00.000000,0.3415028358832132,0.4327648853948801,0.5336320806821595
2026-09-08T19:00:00.000000,0.3412093714350641,0.4326464401796016,0.5327535564369256
2026-09-08T20:00:00.000000,0.3410079851029388,0.4326154305532844,0.5328842431047285
2026-09-08T21:00:00.000000,0.3402415770931161,0.43221464806819204,0.5315916052067947
2026-09-08T22:00:00.000000,0.34025123777280775,0.43245181782705855,0.5322368219790455
2026-09-08T23:00:00.000000,0.3400901885025123,0.43238295997233783,0.531846719212348
2026-09-09T00:00:00.000000,0.34059523365616956,0.43243686837535417,0.5319238072350163
2026-09-09T01:00:00.000000,0.3402037290394621,0.4313797231908273,0.5300906041805689
2026-09-09T02:00:00.000000,0.3394279732678963,0.430520830775062,0.5273049771987979
2026-09-09T03:00:00.000000,0.3388773038753431,0.43062790087852043,0.5268959940462888
2026-09-09T04:00:00.000000,0.34229095201045756,0.4346024446854633,0.5321100805319219
2026-09-09T05:00:00.000000,0.3430154406955269,0.43590403867007027,0.5325129327836515
2026-09-09T06:00:00.000000,0.3436172540736356,0.4360237679386088,0.5330663043321736
2026-09-09T07:00:00.000000,0.3434835454274296,0.4366432724054783,0.5327423133401333
2026-09-09T08:00:00.000000,0.34032198775246747,0.4306073708997642,0.5291499981852732
2026-09-09T09:00:00.000000,0.34717308034989935,0.43603119478211827,0.5366395561514761
2026-09-09T10:00:00.000000,0.3471066208888661,0.4359627228468278,0.5359649016355906
2026-09-09T11:00:00.000000,0.34871249265401005,0.4368096251588828,0.5366732558727192
2026-09-09T12:00:00.000000,0.34886599746423863,0.4374728731253342,0.5362507616830066
2026-09-09T13:00:00.000000,0.3482142693881991,0.43197300524905047,0.5288895233920335
2026-09-09T14:00:00.000000,0.348564653018378,0.4312282224517101,0.5289098884837694
2026-09-09T15:00:00.000000,0.3496573050826134,0.43198103766268897,0.529039629543651
2026-09-09T16:00:00.000000,0.3499383976710198,0.43191473763845684,0.5279190889452128
2026-09-09T17:00:00.000000,0.3494472233625416,0.4314814820948086,0.52675103573552
2026-09-09T18:00:00.000000,0.3510951183899864,0.4330727517945743,0.5270138124229224
2026-09-09T19:00:00.000000,0.3514908027126341,0.43567302123094276,0.5310995090010024
2026-09-09T20:00:00.000000,0.3515324724576779,0.4360135886821026,0.5309673559558067
2026-09-09T21:00:00.000000,0.35174476169979524,0.4369225510038057,0.5321050809861205
2026-09-09T22:00:00.000000,0.3515558742642666,0.437122212062978,0.5399447027028151
2026-09-09T23:00:00.000000,0.352160671703573,0.43865652848695336,0.5387731968096212
2026-09-10T00:00:00.000000,0.3514050092108254,0.4371268466251898,0.5361946557849502
2026-09-10T01:00:00.000000,0.3505036781442533,0.4367119411606234,0.53417127434761
2026-09-10T02:00:00.000000,0.3487468058157498,0.4341167866247686,0.5332563483156062
2026-09-10T03:00:00.000000,0.3486058297566121,0.4340103872126027,0.5315022977675882
2026-09-10T04:00:00.000000,0.3486113318016187,0.43386961572488836,0.5305558560071316
2026-09-10T05:00:00.000000,0.348815227239941,0.43379681020459954,0.5305620080183326
2026-09-10T06:00:00.000000,0.3489990633864816,0.43373050355468057,0.5306933959541345
2026-09-10T07:00:00.000000,0.34977404073820323,0.43320476565512767,0.5315373206832374
2026-09-10T08:00:00.000000,0.3493807596427803,0.43302926957592897,0.5314102821428569
2026-09-10T09:00:00.000000,0.3489002686235544,0.4319486237544192,0.5303626134965304
2026-09-10T10:00:00.000000,0.34893358636077226,0.43210534775706655,0.5300435416081841
2026-09-10T11:00:00.000000,0.34837951745990087,0.4311061619749468,0.5293962423178762
2026-09-10T12:00:00.000000,0.3532587510940037,0.45108918466899645,0.5465660512647617
2026-09-10T13:00:00.000000,0.3538281617750449,0.4547976920915542,0.5496439917743856
2026-09-10T14:00:00.000000,0.31812444517763405,0.4206199567453717,0.49838063762768775
2026-09-10T15:00:00.000000,0.3098290603022106,0.4130860815159861,0.4986755911167253
2026-09-10T16:00:00.000000,0.3082190566780766,0.40872250658508674,0.4970769872540324
2026-09-10T17:00:00.000000,0.3084235675597639,0.4115267402075629,0.49605213328646963
2026-09-10T18:00:00.000000,0.3077465044874401,0.41000042020376565,0.49594244461809495
2026-09-10T19:00:00.000000,0.30422101376014415,0.4100108002965006,0.4961316078544883
2026-09-10T20:00:00.000000,0.30363029004879016,0.4083606354109329,0.49639187769096516
2026-09-10T21:00:00.000000,0.3035049569544367,0.407966015883608,0.4961099610383572
2026-09-10T22:00:00.000000,0.3023256737531929,0.40822555660055015,0.4925338133800712
2026-09-10T23:00:00.000000,0.3028583395254006,0.40735538834924073,0.49414317263783525
2026-09-11T00:00:00.000000,0.30384893055795387,0.4108377715460373,0.49468202144716555
2026-09-11T01:00:00.000000,0.3039517812225073,0.4105655405295306,0.4946239637293479
2026-09-11T02:00:00.000000,0.3039626275766681,0.4110946168453256,0.4947066519432393
2026-09-11T03:00:00.000000,0.30402380700087794,0.4110489016954866,0.49470116490016564
2026-09-11T04:00:00.000000,0.3041103623251674,0.4123852737547938,0.4953070660766827
2026-09-11T05:00:00.000000,0.30445237885710313,0.4134434817296317,0.49547071437616336
2026-09-11T06:00:00.000000,0.3041043901270435,0.41346242954750695,0.4954663690073089
2026-09-11T07:00:00.000000,0.30394762369366846,0.4133394065112207,0.4954783931538315
2026-09-11T08:00:00.000000,0.3008201483314635,0.40893082488842813,0.49243759430144973
2026-09-11T09:00:00.000000,0.3020775202973777,0.4091239705395656,0.49334795202118825
2026-09-11T10:00:00.000000,0.30179731689561656,0.40933734155654117,0.49348818593384114
2026-09-11T11:00:00.000000,0.3017972627560105,0.4093690644296182,0.4941002380359782
2026-09-11T12:00:00.000000,0.27392973985643243,0.38436513586772575,0.48873732135511966
2026-09-11T13:00:00.000000,0.2958074526786942,0.5076649316078635,0.5371923327790743
2026-09-11T14:00:00.000000,0.2955739379962675,0.5100813642336325,0.5452577303221543
2026-09-11T15:00:00.000000,0.3078108827166792,0.5275043996606149,0.556112702998211
2026-09-11T16:00:00.000000,0.30690119668687155,0.5293799765201989,0.5578303609988466
2026-09-11T17:00:00.000000,0.3079189879037949,0.5284247043516649,0.5568515162010277
2026-09-11T18:00:00.000000,0.31067064387721033,0.5350766592965469,0.5595399220748849
2026-09-11T19:00:00.000000,0.31105192268514975,0.534925494088691,0.5634554879558228
2026-09-11T20:00:00.000000,0.3110280633538494,0.5353467677732068,0.5643239458808519
2026-09-11T21:00:00.000000,0.3116483552772639,0.5369827331525102,0.5648090976608703
2026-09-11T22:00:00.000000,0.3116839080345088,0.5371919314198749,0.5648828010546262
2026-09-11T23:00:00.000000,0.3117778386192804,0.5371911375960351,0.5662089799845786
2026-09-12T00:00:00.000000,0.31178732302052486,0.537337401465226,0.5673963693050122
2026-09-12T01:00:00.000000,0.31177817759887666,0.5373863695307032,0.5674020440412393
2026-09-12T02:00:00.000000,0.31175746028072454,0.5373820220281408,0.567435471400714
2026-09-12T03:00:00.000000,0.3117485103383158,0.5373934820335177,0.5676142146801381
2026-09-12T04:00:00.000000,0.3117011184383747,0.5372774629761549,0.5675390194819248
2026-09-12T05:00:00.000000,0.3115907889101128,0.5372698539471232,0.5675006860275212
2026-09-12T06:00:00.000000,0.3116074719717826,0.5376733782078524,0.5666752949934319
2026-09-12T07:00:00.000000,0.3115222032786294,0.5376929048524896,0.5666623957114875
2026-09-12T08:00:00.000000,0.311647821283542,0.5382531596815328,0.5662128652936844
2026-09-12T09:00:00.000000,0.31164761424136983,0.5383000567570438,0.5663746014417502
2026-09-12T10:00:00.000000,0.3116477462663807,0.5381425097703559,0.5664353402009272
2026-09-12T11:00:00.000000,0.3116660698381019,0.5381739141585533,0.5663251230236104
2026-09-12T12:00:00.000000,0.3115091097959907,0.5379968290404735,0.5629076601853504
2026-09-12T13:00:00.000000,0.31145392948502804,0.5383219821298183,0.5614731165964779
2026-09-12T14:00:00.000000,0.311427554392214,0.5384752724271732,0.5612509287779607
2026-09-12T15:00:00.000000,0.31135744089804057,0.5386416691518752,0.561237944328977
2026-09-12T16:00:00.000000,0.3105233537778298,0.537819533808356,0.5603250761962332
2026-09-12T17:00:00.000000,0.31075221809487275,0.5373859849778807,0.5573643437055742
2026-09-12T18:00:00.000000,0.3107857679879838,0.5374913834093135,0.5574633160774464
2026-09-12T19:00:00.000000,0.3100895538759203,0.5374803945368923,0.5569654758864245
2026-09-12T20:00:00.000000,0.31015968692412604,0.5374862685549566,0.5568983243056955
2026-09-12T21:00:00.000000,0.3098797602397775,0.5365255743782751,0.555800137188429
2026-09-12T22:00:00.000000,0.3097335927843761,0.5359827451054666,0.5555217852843127
2026-09-12T23:00:00.000000,0.309734162781715,0.5360309378604047,0.5553972212889151
2026-09-13T00:00:00.000000,0.30970066948796604,0.5353038374038044,0.5553122336832222
2026-09-13T01:00:00.000000,0.30961990052498545,0.5334874271213732,0.5542118031149805
2026-09-13T02:00:00.000000,0.3096123777502145,0.5335922087543179,0.5544049549646548
2026-09-13T03:00:00.000000,0.30945829725887447,0.5332975689353853,0.5434630190835563
2026-09-13T04:00:00.000000,0.3091944702599196,0.5330819828460364,0.5433926838083104
2026-09-13T05:00:00.000000,0.3091683185612862,0.5324956178203095,0.5412615629052123
2026-09-13T06:00:00.000000,0.30917873883026764,0.5327106565821037,0.5379411660970049
2026-09-13T07:00:00.000000,0.30916742390626584,0.5322274138661235,0.5391015132611304
2026-09-13T08:00:00.000000,0.3104007525340865,0.5366088516919898,0.5413420005945341
2026-09-13T09:00:00.000000,0.3103431717696706,0.5371601079388493,0.533620697010807
2026-09-13T10:00:00.000000,0.31027290354886256,0.5384182880808829,0.5337963620665315
2026-09-13T11:00:00.000000,0.31047388898957257,0.539062820829538,0.5341574432343267
2026-09-13T12:00:00.000000,0.3104691411941379,0.5391384487914982,0.533558098329956
2026-09-13T13:00:00.000000,0.3105634894535655,0.5389232950236409,0.5340913216320589
2026-09-13T14:00:00.000000,0.3116248048261332,0.5382688196313826,0.5284202476425535
2026-09-13T15:00:00.000000,0.31121706987082964,0.5382787988099531,0.5291152943845224
2026-09-13T16:00:00.000000,0.3115555974264774,0.5395052028033726,0.5302463859599815
2026-09-13T17:00:00.000000,0.31153828552207663,0.5391653373049164,0.5304057544211718
2026-09-13T18:00:00.000000,0.3108764115227883,0.5392609836830354,0.5304752574946964
2026-09-13T19:00:00.000000,0.31073953557387374,0.539244761453837,0.5296707270144179
2026-09-13T20:00:00.000000,0.31062704042052197,0.5386412808779063,0.5295350947014549
